{
  "epoch_start": 0,
  "epoch_end": 14,
  "eval_train_losses": [
    2.588271141052246,
    0.379451185464859,
    0.16841530799865723,
    0.11071411520242691,
    0.0894116461277008,
    0.06960165500640869,
    0.06107625365257263,
    0.055938657373189926,
    0.05384565889835358,
    0.04730953648686409,
    0.04702445864677429,
    0.04529000446200371,
    0.04534883424639702,
    0.04414920508861542,
    0.03900153934955597
  ],
  "eval_test_losses": [
    8.372506141662598,
    10.585987091064453,
    11.88202953338623,
    12.71056842803955,
    13.3063325881958,
    13.86487865447998,
    14.269585609436035,
    14.695114135742188,
    15.13192081451416,
    15.406838417053223,
    15.851776123046875,
    16.232505798339844,
    16.53426170349121,
    16.830543518066406,
    17.26320457458496
  ],
  "best_test_loss": 8.372506141662598,
  "best_train_loss": 0.03900153934955597
}