{
  "epoch_start": 0,
  "epoch_end": 14,
  "eval_train_losses": [
    6.684999942779541,
    5.87248420715332,
    5.333475112915039,
    4.901004314422607,
    4.594865322113037,
    4.390425205230713,
    4.1454386711120605,
    3.961653470993042,
    3.8205482959747314,
    3.7519264221191406,
    3.667638063430786,
    3.6399056911468506,
    3.5898208618164062,
    3.5781686305999756,
    3.5656375885009766
  ],
  "eval_test_losses": [
    6.830239772796631,
    6.334695339202881,
    6.1192307472229,
    6.009651184082031,
    5.991052627563477,
    6.023057460784912,
    6.055019855499268,
    6.034152507781982,
    6.100306034088135,
    6.122625827789307,
    6.121147155761719,
    6.1395344734191895,
    6.121299743652344,
    6.144914150238037,
    6.160739421844482
  ],
  "best_test_loss": 5.991052627563477,
  "best_train_loss": 3.5656375885009766
}