{
  "epoch_start": 0,
  "epoch_end": 11,
  "eval_train_losses": [
    6.733023166656494,
    5.954282283782959,
    5.417420387268066,
    5.024539947509766,
    4.759552955627441,
    4.56006383895874,
    4.385586738586426,
    4.259453296661377,
    4.167982578277588,
    4.134985446929932,
    4.108560085296631,
    4.1063055992126465
  ],
  "eval_test_losses": [
    6.870075225830078,
    6.376153469085693,
    6.149504661560059,
    6.030117034912109,
    6.007332801818848,
    6.015411376953125,
    6.03048038482666,
    6.008055210113525,
    6.032234191894531,
    6.047004699707031,
    6.0655517578125,
    6.037899017333984
  ],
  "best_test_loss": 6.007332801818848,
  "best_train_loss": 4.1063055992126465
}