{
  "epoch_start": 0,
  "epoch_end": 9,
  "eval_train_losses": [
    7.0916314125061035,
    6.785473346710205,
    6.251382827758789,
    5.7057318687438965,
    5.140366554260254,
    4.596311569213867,
    4.064321041107178,
    3.6516449451446533,
    3.290323257446289,
    2.957257032394409
  ],
  "eval_test_losses": [
    7.281028747558594,
    7.234593868255615,
    7.22160005569458,
    7.232767581939697,
    7.281075954437256,
    7.357890605926514,
    7.487220287322998,
    7.662390232086182,
    7.861440658569336,
    8.096083641052246
  ],
  "best_test_loss": 7.22160005569458,
  "best_train_loss": 2.957257032394409
}