{
  "epoch_start": 0,
  "epoch_end": 14,
  "eval_train_losses": [
    6.08119010925293,
    5.208441257476807,
    4.628998756408691,
    4.223240375518799,
    3.8832457065582275,
    3.6067581176757812,
    3.3291890621185303,
    3.1085262298583984,
    2.9078445434570312,
    2.7431676387786865,
    2.621389150619507,
    2.4957454204559326,
    2.313129186630249,
    2.2011730670928955,
    2.1228315830230713
  ],
  "eval_test_losses": [
    6.450838565826416,
    6.135847568511963,
    6.0307536125183105,
    6.09747838973999,
    6.14618444442749,
    6.235755920410156,
    6.2940754890441895,
    6.410131931304932,
    6.473821640014648,
    6.5517497062683105,
    6.596433639526367,
    6.687123775482178,
    6.755270481109619,
    6.791757583618164,
    6.919924259185791
  ],
  "best_test_loss": 6.0307536125183105,
  "best_train_loss": 2.1228315830230713
}