{
  "epoch_start": 5,
  "epoch_end": 14,
  "eval_train_losses": [
    4.36029052734375,
    4.169626712799072,
    4.038386821746826,
    3.89200496673584,
    3.8116283416748047,
    3.8232221603393555,
    3.753865957260132,
    3.7261133193969727,
    3.717097520828247,
    3.7413861751556396
  ],
  "eval_test_losses": [
    6.0279154777526855,
    6.048367023468018,
    6.064790725708008,
    6.055405139923096,
    6.074164867401123,
    6.1085286140441895,
    6.120493412017822,
    6.083940505981445,
    6.125422954559326,
    6.1299967765808105
  ],
  "best_test_loss": 6.001434803009033,
  "best_train_loss": 3.717097520828247
}