{
  "epoch_start": 0,
  "epoch_end": 9,
  "eval_train_losses": [
    6.7454962730407715,
    5.946045398712158,
    5.399709224700928,
    5.00654935836792,
    4.7220458984375,
    4.479608058929443,
    4.260345458984375,
    4.047983646392822,
    3.868685483932495,
    3.7434024810791016
  ],
  "eval_test_losses": [
    6.877634048461914,
    6.408956527709961,
    6.150721073150635,
    6.055135250091553,
    6.059543132781982,
    6.031259536743164,
    6.070209980010986,
    6.0926289558410645,
    6.110483646392822,
    6.1643853187561035
  ],
  "best_test_loss": 6.031259536743164,
  "best_train_loss": 3.7434024810791016
}