{
  "epoch_start": 0,
  "epoch_end": 11,
  "eval_train_losses": [
    6.655759334564209,
    5.838613510131836,
    5.303781986236572,
    4.882063865661621,
    4.599678039550781,
    4.418585300445557,
    4.209608554840088,
    4.069489002227783,
    3.9762446880340576,
    3.949167251586914,
    3.919672727584839,
    3.9227993488311768
  ],
  "eval_test_losses": [
    6.8105292320251465,
    6.318416595458984,
    6.1114277839660645,
    6.010741710662842,
    6.001434803009033,
    6.025206089019775,
    6.053945064544678,
    6.028553485870361,
    6.081727504730225,
    6.092142581939697,
    6.076758861541748,
    6.081060409545898
  ],
  "best_test_loss": 6.001434803009033,
  "best_train_loss": 3.919672727584839
}